DATE_TIME_HEURE,SAMPLE_ID_ÉCHANTILLON,SITE_NO,ALKALINITY GRAN CACO3,ALKALINITY TOTAL CACO3,ALUMINUM EXTRACTABLE,ALUMINUM TOTAL,ALUMINUM TOTAL RECOVERABLE,ANTIMONY EXTRACTABLE,ANTIMONY TOTAL,ANTIMONY TOTAL RECOVERABLE,ARSENIC EXTRACTABLE,ARSENIC TOTAL,ARSENIC TOTAL RECOVERABLE,BARIUM EXTRACTABLE,BARIUM TOTAL,BARIUM TOTAL RECOVERABLE,BERYLLIUM EXTRACTABLE,BERYLLIUM TOTAL,BERYLLIUM TOTAL RECOVERABLE,BISMUTH TOTAL,BISMUTH TOTAL RECOVERABLE,BORON EXTRACTABLE,BORON TOTAL,BORON TOTAL RECOVERABLE,BROMIDE DISSOLVED,BROMINE DISSOLVED,CADMIUM EXTRACTABLE,CADMIUM TOTAL,CADMIUM TOTAL RECOVERABLE,CALCIUM DISSOLVED,CALCIUM TOTAL,CALCIUM TOTAL RECOVERABLE,CARBON DISSOLVED INORGANIC,CARBON DISSOLVED ORGANIC,CARBON TOTAL ORGANIC,"CARBON, TOTAL ORGANIC (NON PURGEABLE)",CERIUM TOTAL,CESIUM TOTAL,CHLORIDE,CHLORIDE DISSOLVED,CHLORIDE TOTAL,CHROMIUM EXTRACTABLE,CHROMIUM TOTAL,CHROMIUM TOTAL RECOVERABLE,COBALT EXTRACTABLE,COBALT TOTAL,COBALT TOTAL RECOVERABLE,COLOUR APPARENT,COLOUR TRUE,CONDUCTANCE (FIELD),CONDUCTIVITY,COPPER EXTRACTABLE,COPPER TOTAL,COPPER TOTAL RECOVERABLE,DEPTH OF SAMPLING FROM SURFACE,DISSOLVED NITROGEN NITRATE,EUROPIUM TOTAL,FLUORIDE DISSOLVED,GADOLINIUM TOTAL RECOVERABLE,GALLIUM TOTAL,GALLIUM TOTAL RECOVERABLE,GERMANIUM TOTAL,HAFNIUM TOTAL,HARDNESS TOTAL (CALCD.) CACO3,HARDNESS TOTAL LABORATORY (CALCD.) CACO3,HOLMIUM TOTAL,INDIUM TOTAL,IRIDIUM TOTAL,IRON EXTRACTABLE,IRON TOTAL,IRON TOTAL RECOVERABLE,LANTHANUM TOTAL,LANTHANUM TOTAL RECOVERABLE,LEAD EXTRACTABLE,LEAD TOTAL,LEAD TOTAL RECOVERABLE,LITHIUM DISSOLVED,LITHIUM TOTAL,LITHIUM TOTAL RECOVERABLE,LUTETIUM TOTAL,MAGNESIUM DISSOLVED,MAGNESIUM TOTAL,MAGNESIUM TOTAL RECOVERABLE,MANGANESE EXTRACTABLE,MANGANESE TOTAL,MANGANESE TOTAL RECOVERABLE,MERCURY EXTRACTABLE,MERCURY SUSPENDED,MERCURY TOTAL,MOLYBDENUM EXTRACTABLE,MOLYBDENUM TOTAL,MOLYBDENUM TOTAL RECOVERABLE,NEODYMIUM TOTAL,NICKEL EXTRACTABLE,NICKEL TOTAL,NICKEL TOTAL RECOVERABLE,NIOBIUM TOTAL,NITRATE AND NITRITE (AS N),NITRATE TOTAL,NITROGEN NITRATE,NITROGEN NITRITE,NITROGEN TOTAL,OXYGEN DISSOLVED,OXYGEN DISSOLVED % SATURATION,PH,PH (FIELD),PHOSPHORUS TOTAL,PLATINUM TOTAL,POTASSIUM DISSOLVED/FILTERED,POTASSIUM TOTAL,POTASSIUM TOTAL RECOVERABLE,POTASSIUM UNFILTERED,PRASEODYMIUM TOTAL,RUBIDIUM TOTAL,RUBIDIUM TOTAL RECOVERABLE,RUTHENIUM TOTAL,SAMARIUM TOTAL,SCANDIUM TOTAL,SELENIUM TOTAL,SELENIUM TOTAL RECOVERABLE,SILVER EXTRACTABLE,SILVER TOTAL,SILVER TOTAL RECOVERABLE,SIO2,SODIUM DISSOLVED/FILTERED,SODIUM TOTAL,SODIUM TOTAL RECOVERABLE,SODIUM UNFILTERED,SOLIDS SUSPENDED,SPECIFIC CONDUCTANCE,STRONTIUM EXTRACTABLE,STRONTIUM TOTAL,STRONTIUM TOTAL RECOVERABLE,SULPHATE,SULPHATE DISSOLVED,SULPHATE TOTAL,TELLURIUM TOTAL,TEMPERATURE (WATER),TEMPERATURE WATER (FIELD),TERBIUM TOTAL,THALLIUM TOTAL,THALLIUM TOTAL RECOVERABLE,TIN TOTAL,TIN TOTAL RECOVERABLE,TITANIUM EXTRACTABLE,TITANIUM TOTAL,TITANIUM TOTAL RECOVERABLE,TOTAL NITRATE,TUNGSTEN TOTAL,TURBIDITY,TURBIDITY (FIELD),URANIUM TOTAL,URANIUM TOTAL RECOVERABLE,VANADIUM EXTRACTABLE,VANADIUM TOTAL,VANADIUM TOTAL RECOVERABLE,YTTERBIUM TOTAL,YTTRIUM TOTAL,ZINC EXTRACTABLE,ZINC TOTAL,ZINC TOTAL RECOVERABLE,ZIRCONIUM TOTAL
2001-03-25 10:30:00,2001-AT0215-0018,NF02XA0001,,8.3,,0.031,,,,,,0.0001,,,0.005,,,0.05,,,,,,,,,,0.0001,,2.49,2.45,,2.0,3.0,,,,,,0.37,,,0.0003,,,0.0001,,25.4,,,,,0.0002,,,0.04,,,,,,,,,,,,,,0.241,,,,,0.0002,,,0.0001,,,0.7,0.68,,,0.0013,,,,0.005,,0.0001,,,,0.0003,,,,,,,0.147,,,7.05,,0.0101,,,0.39,,0.45,,,,,,,0.0001,,,0.0001,,7.88,,0.79,,1.04,,21.6,,0.0171,,,1.68,,,,,,,,,,,,,,,0.56,,,,,0.0002,,,,,0.0002,,
2001-05-30 11:30:00,2001-AT0215-0032,NF02XA0001,,2.2,,0.078,,,,,,0.0001,,,0.0032,,,0.05,,,,,,,,,,0.0001,,0.97,0.93,,0.9,5.7,,,,,,0.15,,,0.0002,,,0.0001,,48.0,,,,,0.0012,,,0.01,,,,,,,,,,,,,,0.218,,,,,0.0002,,,0.0001,,,0.28,0.26,,,0.0041,,,,0.005,,0.0002,,,,0.0002,,,,,,,0.167,,,6.2,,0.0071,,,0.19,,0.25,,,,,,,0.0001,,,0.0001,,3.21,,0.26,,0.46,,9.0,,0.0073,,,0.61,,,,,,,,,,,,,,,0.3,,,,,0.0003,,,,,0.0002,,
2001-09-30 09:30:00,2001-AT0215-0063,NF02XA0001,,8.6,,0.067,,,,,,0.0001,,,0.0043,,,0.05,,,,,,,,,,0.0002,,1.76,1.84,,1.5,4.5,,,,,,0.31,,,0.0007,,,0.0001,,42.1,,,,,0.0002,,,0.01,,,,,,,,,,,,,,0.489,,,,,0.0002,,,0.0001,,,0.53,0.52,,,0.0059,,,,0.005,,0.0004,,,,0.0002,,,,,,,0.153,,,7.18,,0.0064,,,0.26,,0.42,,,,,,,0.0001,,,0.0003,,4.78,,0.62,,0.8,,20.6,,0.0131,,,0.96,,,,,,,,,,,,,,,0.63,,,,,0.0005,,,,,0.0013,,
2002-06-13 11:00:00,2002-AT0215-0005,NF02XA0001,,1.9,,0.102,,,,,,0.0001,,,0.0033,,,0.05,,,,,,,,,,0.0001,,0.89,0.97,,0.6,6.6,,,,,,0.22,,,0.0002,,,0.0001,,54.0,,,,,0.0005,,,0.01,,,,,,,,,,,,,,0.317,,,,,0.0002,,,0.0001,,,0.27,0.27,,,0.0077,,,,,,0.0001,,,,0.0002,,,,,,,0.17,,,6.21,,0.0058,,,0.15,,0.18,,,,,,,0.0001,,,0.0001,,,,0.36,,0.39,,9.6,,0.0069,,,0.61,,,,,,,,,,,,,,,0.69,,,,,0.0004,,,,,0.0005,,
2002-09-29 12:00:00,2002-AT0215-0085,NF02XA0001,,3.5,,0.248,,,,,,0.0001,,,0.0057,,,0.05,,,,,,,,,,0.0001,,1.44,1.69,,0.9,6.2,,,,,,0.28,,,0.0007,,,0.0001,,56.0,,,,,0.0012,,,0.01,,,,,,,,,,,,,,0.837,,,,,0.0004,,,0.0004,,,0.42,0.48,,,0.0095,,,,,,0.0001,,,,0.0003,,,,,,,0.237,,,6.59,,0.0172,,,0.25,,0.31,,,,,,,0.0001,,,0.0001,,,,0.62,,0.76,,15.1,,0.0115,,,0.81,,,,,,,,,,,,,,,5.17,,,,,0.0012,,,,,0.0022,,
2003-03-25 09:15:00,2003-AT0215-0233,NF02XA0001,7.61,9.1,44.2,,,0.1,,,0.5,,,5.1,,,0.1,,,,,0.5,,,,,0.1,,,3.31,,,,,,4.4,,,,0.3,,0.2,,,0.1,,,36.0,,,,0.8,,,,0.04,,,,,,,,,,,,,0.31,,,,,0.2,,,,,,,0.76,,,2.7,,,0.02,,,0.1,,,,0.3,,,,,,,,0.06,,,6.71,,0.002,,0.4,,,,,,,,,,,,0.1,,,,0.95,,,,,22.5,15.9,,,,1.7,,,,,,,,,,0.7,,,,,,,,,0.3,,,,,3.8,,,
2003-06-10 10:00:00,2003-AT0215-0260,NF02XA0001,2.03,3.7,101.0,,,0.5,,,0.3,,,3.5,,,0.4,,,,,,,,,,0.2,,,0.88,,,,,,5.0,,,,0.11,,0.3,,,0.4,,,47.0,,,,0.6,,,,0.02,,,,,,,,,,,,,0.3,,,,,0.4,,,,,,,0.27,,,5.6,,,,,,0.7,,,,0.7,,,,,,,,0.04,,,6.0,,0.01,,0.14,,,,,,,,,,,,4.5,,,,0.36,,,,,9.4,8.0,,,,0.58,,,,,,,,,,1.3,,,,,,,,,0.5,,,,,2.0,,,
2004-03-25 12:00:00,2004-AT0215-0279,NF02XA0001,8.22,9.2,45.1,,,0.5,,,0.3,,,5.2,,,0.4,,,,,,,,,,0.3,,,2.24,,,,,,2.3,,,,0.4,,0.3,,,0.4,,,27.0,,,,1.5,,,,0.05,,,,,,,,,,,,,0.31,,,,,0.9,,,,,,,0.66,,,2.7,,,0.02,,,0.7,,,,0.7,,,,,,,,0.09,,,6.93,,0.011,,0.43,,,,,,,,,,,,4.5,,,,0.97,,,,,22.1,16.9,,,,1.6,,,,,,,,,,0.9,,,,,,,,,0.5,,,,,6.0,,,
2004-06-05 09:30:00,2004-AT0215-0289,NF02XA0001,1.84,3.3,123.3,,,0.1,,,0.1,,,3.5,,,0.1,,,,,,,,,,0.1,,,0.74,,,,,,5.5,,,,0.2,,0.4,,,0.1,,,61.0,,,,0.9,,,,0.02,,,,,,,,,,,,,0.31,,,,,0.6,,,,,,,0.21,,,8.9,,,,,,0.1,,,,0.3,,,,,,,,0.08,,,6.06,,0.011,,0.18,,,,,,,,,,,,0.1,,,,0.4,,,,,8.1,6.2,,,,0.5,,,,,,,,,,2.3,,,,,,,,,0.4,,,,,10.8,,,
2004-09-27 12:00:00,2004-AT0215-0307,NF02XA0001,6.47,7.1,59.0,,,0.1,,,0.1,,,4.3,,,0.1,,,,,,,,,,0.5,,,1.58,,,,,,4.0,,,,0.3,,0.4,,,0.1,,,42.0,,,,1.2,,,,0.02,,,,,,,,,,,,,0.33,,,,,0.6,,,,,,,0.47,,,6.8,,,,,,0.1,,,,0.5,,,,,,,,0.13,,,7.0,,0.008,,0.34,,,,,,,,,,,,0.1,,,,0.79,,,,,17.0,12.1,,,,1.0,,,,,,,,,,1.3,,,,,,,,,0.2,,,,,8.1,,,
2005-10-01 12:00:00,2005-AT0215-0316,NF02XA0001,4.43,20.0,99.9,,,1.1,,,0.1,,,4.9,,,0.1,,,,,,,,,,0.1,,,1.46,,,,,,5.7,,,,0.25,,0.4,,,0.1,,,53.0,,,,0.9,,,,0.02,,,,,,,,,,,,,0.48,,,,,0.2,,,,,,,0.42,,,6.7,,,,3.0,,3.3,,,,0.3,,,,,,,,0.07,,,6.76,,0.009,,0.24,,,,,,,,,,,,0.1,,,,0.67,,,,,15.3,12.6,,,,1.15,,,,,,,,,,2.8,,,,,0.4,,,,0.5,,,,,0.9,,,
2006-03-13 15:00:00,2006-AT0215-0335,NF02XA0001,8.17,20.0,43.2,,,0.1,,,0.1,,,4.8,,,0.1,,,,,,,,,,0.2,,,2.03,,,,,,3.4,,,,0.34,,0.4,,,0.1,,,30.0,,,,1.1,,,,0.03,,,,,,,,,,,,,0.26,,,,,0.2,,,,,,,0.62,,,3.7,,,,,,0.1,,,,0.4,,,,,,,,0.11,,,6.99,,0.009,,0.35,,,,,,,,,,,,0.1,,,,0.92,,,,,20.8,16.1,,,,1.42,,,,,,,,,,0.8,,,,,46.0,,,,0.2,,,,,4.6,,,
2006-05-30 08:00:00,2006-AT0215-0094,NF02XA0001,2.64,,,113.0,,,0.007,,,0.05,,,3.56,,,0.009,,0.001,,,1.0,,,,,0.008,,1.02,,,1.0,5.7,,,,,,,0.11,,0.272,,,0.075,,46.2,,,,,0.41,,,,,,,0.011,,,,,,,,,,363.0,,0.282,,,0.05,,,0.2,,,0.29,,,,7.21,,,,,,0.034,,,,0.17,,,,,,,0.175,,,6.35,,0.0059,,,,,0.27,,0.43,,,,,0.05,,,0.001,,,,,,0.5,,9.0,,7.83,,,,0.54,,,,,0.002,,,,,,,0.01,,1.3,,0.0214,,,0.348,,,,,0.48,,
2006-07-27 16:00:00,2006-AT0215-0142,NF02XA0001,4.66,,,90.7,,,0.007,,,0.06,,,4.93,,,0.008,,0.001,,,1.5,,,,,0.005,,1.48,,,1.3,6.2,,,,,,,0.17,,0.312,,,0.064,,41.4,,,,,0.42,,,,,,,0.009,,,,,,,,,,401.0,,0.304,,,0.045,,,0.2,,,0.46,,,,6.81,,,,,,0.088,,,,0.17,,,,,,,0.198,,,6.73,,0.0061,,,,,0.35,,0.65,,,,,0.05,,,0.001,,,,,,0.75,,14.9,,14.1,,,,0.84,,,,,0.003,,,,,,,0.01,,1.02,,0.0298,,,0.441,,,,,0.4,,
2006-09-23 16:40:00,2006-AT0215-0174,NF02XA0001,5.23,,,,,,,,,,,,,,,,,,,,,,,,,,,1.54,,,1.4,5.6,,,,,,,0.23,,,,,,,39.4,,,,,,,,,,,,,,,,,,,,,,,,,,,,,,,,,0.49,,,,,,,,,,,,,,,,,,,,,0.165,,,6.68,,0.0077,,,,,0.35,,,,,,,,,,,,,,,,0.82,,16.2,,,,,,0.95,,,,,,,,,,,,0.01,,4.91,,,,,,,,,,,,
2006-10-19 14:50:00,2006-AT0215-0201,NF02XA0001,6.0,,,111.0,,,0.057,,,0.06,,,5.24,,,0.007,,0.002,,,1.4,,,,,0.17,,1.71,,,1.5,5.9,,,,,,,0.25,,0.44,,,0.088,,42.1,,,,,1.89,,,,,,,0.013,,,,,,,,,,522.0,,0.344,,,0.293,,,0.3,,,0.51,,,,6.26,,,,,,0.25,,,,0.77,,,,,,,0.187,,,6.66,,0.0059,,,,,0.31,,0.78,,,,,0.05,,,0.001,,,,,,0.83,,16.4,,14.5,,,,0.98,,,,,0.002,,,,,,,0.01,,1.24,,0.0282,,,1.8,,,,,7.71,,
2007-05-30 09:00:00,2007-AT0215-0103,NF02XA0001,1.91,,,166.0,,,0.006,,,0.05,,,4.07,,,0.012,,0.001,,,0.3,,,,,0.004,,0.91,,,1.2,7.0,,,,,,,0.11,,0.342,,,0.12,,51.9,,,,,0.47,,,,,,,0.032,,,,,,,,,,498.0,,0.418,,,0.079,,,0.2,,,0.27,,,,10.7,,,,,,0.023,,,,0.23,,,,,,,0.277,,,5.92,,0.0067,,,,,0.15,,0.47,,,,,0.05,,,0.001,,,,,,0.42,,9.2,,8.12,,,,0.52,,,,,0.001,,,,,,,0.01,,3.32,,0.026,,,0.52,,,,,0.62,,
2007-07-19 09:20:00,2007-AT0215-0161,NF02XA0001,4.19,,,887.0,,,0.031,,,0.11,,,12.3,,,0.035,,0.002,,,1.4,,,,,0.014,,1.41,,,1.3,4.8,,,,,,,0.13,,1.45,,,0.407,,38.2,,,,,1.31,,,,,,,0.279,,,,,,,,,,1350.0,,1.69,,,0.343,,,0.6,,,0.38,,,,20.9,,,,,,0.077,,,,0.85,,,,,,,0.256,,,6.45,,0.0081,,,,,0.26,,1.46,,,,,0.06,,,0.002,,,,,,0.73,,13.1,,14.5,,,,0.79,,18.0,,,0.009,,,,,,,0.01,,2.99,,0.067,,,2.22,,,,,2.93,,
2007-09-18 08:00:00,2007-AT0215-0191,NF02XA0001,5.09,,,109.0,,,0.007,,,0.04,,,4.52,,,0.011,,0.001,,,1.1,,,,,0.002,,1.62,,,1.4,6.0,,,,,,,0.19,,0.364,,,0.084,,41.5,,,,,0.43,,,,,,,0.02,,,,,,,,,,532.0,,0.368,,,0.063,,,0.2,,,0.48,,,,8.61,,,,,,0.079,,,,0.22,,,,,,,0.171,,,6.54,,0.005,,,,,0.24,,0.58,,,,,0.05,,,0.002,,,,,,0.71,,15.6,,12.8,,,,0.85,,,,,0.002,,,,,,,0.01,,1.88,,0.029,,,0.527,,,,,0.45,,
2007-10-13 15:10:00,2007-AT0215-0213,NF02XA0001,,3.0,,115.0,,,0.008,,,0.02,,,4.33,,,0.012,,0.001,,,0.8,,,,,0.004,,1.58,,,1.2,8.0,,,,,,,0.19,,0.324,,,0.056,,57.3,,,,,0.25,,,,,,,0.015,,,,,,,,,,426.0,,0.352,,,0.055,,,0.2,,,0.44,,,,4.98,,,,,,0.038,,,,0.21,,,,,,,0.192,,,7.12,,0.0045,,,,,0.24,,0.46,,,,,0.05,,,0.001,,,,,,0.66,,13.3,,11.4,,,,0.76,,,,,0.002,,,,,,,0.01,,1.25,,0.0277,,,0.356,,,,,0.56,,
2008-06-01 09:00:00,2008-AT0215-0263,NF02XA0001,2.5,,,112.0,,,0.005,,,0.04,,,3.68,,,0.009,,0.001,,,0.8,,,,,0.009,,1.17,,,,,,,,,,,0.11,,0.268,,,0.076,,56.8,,,,,0.39,,,,,,,0.014,,,,,,,,,,349.0,,0.299,,,0.047,,,0.2,,,0.29,,,,6.83,,,,,,0.031,,,,0.2,,,,,,,,,,6.36,,,,,,,0.16,,0.39,,,,,0.05,,,0.001,,,,,,0.49,,9.5,,8.1,,,,0.52,,,,,0.002,,,,,,,0.01,,0.81,,0.0209,,,0.346,,,,,0.53,,
2008-09-19 09:00:00,2008-AT0215-0322,NF02XA0001,4.42,,,140.0,,,0.008,,,0.03,,,6.1,,,0.01,,0.001,,,1.6,,,,,0.007,,1.66,,,1.3,8.2,,,,,,,0.19,,0.349,,,0.117,,61.1,,,,,0.45,,0.3,,,,,0.021,,,,,,,,,,583.0,,0.474,,,0.1,,,0.2,,,0.48,,,,9.45,,,,,,0.06,,,,0.24,,,,,,,0.228,,,6.67,,0.0083,,,,,0.37,,0.56,,,,,0.05,,,0.002,,,,,,0.75,,14.6,,14.4,,,,0.81,,,,,0.003,,,,,,,0.01,,1.3,,0.0302,,,0.521,,,,,0.56,,
2009-05-30 12:20:00,2009-AT0215-0283,NF02XA0001,2.2,,,123.0,,,0.005,,,0.05,,,3.88,,,0.01,,0.001,,,0.5,,,,,0.003,,0.94,,,1.0,6.8,,,,,,,0.1,,0.292,,,0.091,,57.1,,,,,0.41,,0.3,,,,,0.018,,,,,,,,,,348.0,,0.351,,,0.051,,,0.2,,,0.27,,,,6.66,,,,,,0.029,,,,0.2,,,,,,,0.179,,,6.23,,0.0052,,,,,0.14,,0.39,,,,,0.05,,,0.001,,,,,,0.46,,9.4,,8.53,,,,0.52,,6.0,,,0.002,,,,,,,0.01,,1.01,,0.0232,,,0.372,,,,,0.42,,
2009-09-02 09:25:00,2009-AT0215-0328,NF02XA0001,5.68,,,65.2,,,0.008,,,0.05,,,4.37,,,0.007,,0.001,,,1.1,,,,,0.005,,1.6,,,1.7,4.7,,,,,,,0.19,,0.281,,,0.049,,39.0,,,,,0.33,,0.3,,,,,0.012,,,,,,,,,,393.0,,0.231,,,0.042,,,0.2,,,0.48,,,,5.96,,,,,,0.085,,,,0.18,,,,,,,0.175,,,6.92,,0.0076,,,,,0.29,,0.62,,,,,0.05,,,0.001,,,,,,0.72,,16.2,,13.5,,,,0.87,,12.0,,,0.002,,,,,,,0.01,,2.67,,0.0222,,,0.367,,,,,0.44,,
2009-09-22 11:23:00,2009-AT0215-0335,NF02XA0001,3.93,,,124.0,,,0.006,,,0.06,,,4.78,,,0.01,,0.001,,,0.5,,,,,0.003,,1.39,,,1.3,8.0,,,,,,,0.16,,0.332,,,0.08,,64.6,,,,,0.36,,0.3,,,,,0.017,,,,,,,,,,450.0,,0.387,,,0.059,,,0.2,,,0.41,,,,6.65,,,,,,0.053,,,,0.21,,,,,,,0.204,,,6.53,,0.0082,,,,,0.17,,0.49,,,,,0.05,,,0.001,,,,,,0.57,,13.9,,11.9,,,,0.64,,9.1,,,0.003,,,,,,,0.01,,2.07,,0.027,,,0.39,,,,,0.42,,
2009-10-27 10:00:00,2009-AT0215-0360,NF02XA0001,4.59,,,136.0,,,0.01,,,0.07,,,5.34,,,0.01,,0.001,,,0.9,,,,,0.004,,1.5,,,2.3,6.0,,,,,,,0.25,,0.351,,,0.095,,53.3,,,,,0.38,,0.3,,,,,0.027,,,,,,,,,,458.0,,0.446,,,0.063,,,0.2,,,0.47,,,,8.04,,,,,,0.062,,,,0.23,,,,,,,0.241,,,6.57,,0.0196,,,,,0.24,,0.53,,,,,0.05,,,0.001,,,,,,0.77,,15.3,,14.1,,,,0.9,,-0.3,,,0.001,,,,,,,0.01,,3.19,,0.0302,,,0.429,,,,,0.96,,
2010-05-27 08:30:00,2010-AT0215-0295,NF02XA0001,1.88,,,157.0,,,0.007,,,0.06,,,3.6,,,0.012,,0.001,,,0.5,,,,,0.161,,0.84,,,0.9,6.5,,,,,,,0.1,,0.33,,,0.106,,57.8,,,,,0.67,,0.3,,,,,0.03,,,,,,,,,,380.0,,0.355,,,0.182,,,0.13,,,0.25,,,,7.28,,,,,,0.023,,,,0.28,,,,,,,0.194,,,6.18,,0.0142,,,,,0.17,,0.417,,,,,0.02,,,0.001,,,,,,0.42,,7.5,,7.03,,,,0.39,,6.0,,,0.002,,,,,,,0.01,,1.06,,0.0224,,,0.447,,,,,1.6,,
2010-07-23 12:20:00,2010-AT0215-0318,NF02XA0001,3.48,,,104.0,,,0.007,,,0.05,,,4.73,,,0.008,,0.001,,,1.0,,,,,0.005,,1.33,,,1.0,6.6,,,,,,,0.14,,0.33,,,0.074,,57.5,,10.6,,,0.39,,0.3,,,,,0.015,,,,,4.8,,,,,438.0,,0.335,,,0.056,,,0.15,,,0.36,,,,6.95,,,,,,0.059,,,,0.2,,,,,,,0.185,8.92,,6.6,6.51,0.0428,,,,,0.21,,0.491,,,,,0.03,,,0.001,,,,,,0.6,,12.3,,10.9,,,,0.58,,18.59,,,0.003,,,,,,,0.01,,3.58,0.0,0.0252,,,0.413,,,,,0.4,,
2010-09-30 16:00:00,2010-AT0215-0355,NF02XA0001,6.34,,,103.0,,,0.007,,,0.05,,,4.8,,,0.009,,0.001,,,1.4,,,,,0.02,,1.88,,,1.7,5.1,,,,,,,0.45,,0.42,,,0.101,,40.3,,,,,0.47,,0.3,,,,,0.028,,,,,6.9,,,,,582.0,,0.332,,,0.192,,,0.18,,,0.54,,,,9.56,,,,,,0.108,,,,0.21,,,,,,,0.225,,,6.99,,0.0086,,,,,0.39,,0.719,,,,,0.06,,,0.002,,,,,,0.93,,19.6,,14.7,,,,0.94,,9.0,,,0.003,,,,,,,0.01,,1.76,,0.0278,,,0.624,,,,,0.7,,
2010-11-03 11:05:00,2010-AT0215-0379,NF02XA0001,4.03,,,127.0,,,0.012,,,0.06,,,4.76,,,0.009,,0.001,,,0.9,,,,,0.003,,1.43,,,1.0,7.4,,,,,,,0.21,,0.34,,,0.081,,62.6,,11.0,,,0.34,,0.3,,,,,0.022,,,,,5.3,,,,,467.0,,0.407,,,0.061,,,0.15,,,0.41,,,,5.45,,,,,,0.049,,,,0.21,,,,,,,0.169,12.78,,6.65,6.27,0.0134,,,,,0.21,,0.516,,,,,0.03,,,0.006,,,,,,0.65,,13.7,,11.6,,,,0.7,,1.84,,,0.001,,,,,,,0.01,,3.69,11.4,0.0273,,,0.38,,,,,0.6,,
2011-06-07 09:00:00,2011-AT0215-0281,NF02XA0001,2.37,,,109.0,,,0.01,,,0.05,,,3.92,,,0.009,,0.001,,,0.6,,,,,0.038,,1.04,,,0.9,7.4,,,,,0.17,,,,0.26,,,0.079,,57.3,,,,,0.61,,0.3,,,,,0.015,,,,,3.8,,,,,420.0,,0.304,,,0.156,,,0.12,,,0.28,,,,5.97,,,,,,0.034,,,,0.22,,,,0.005,,,0.192,,,6.15,,0.0083,,,,,0.21,,0.538,,,,,0.02,,,0.004,,,,,,0.46,,10.0,,8.18,,0.47,,,,6.0,,,0.001,,,,,,,,,0.93,,0.0217,,,0.378,,,,,1.2,,
2011-09-02 11:00:00,2011-AT0215-0334,NF02XA0001,5.42,,,75.6,,,0.005,,,0.05,,,4.51,,,0.007,,0.001,,,1.3,,,,,0.001,,11.6,,,1.4,5.0,,,,,0.21,,,,0.31,,,0.057,,37.1,,15.0,,,0.36,,0.3,,,,,0.013,,,,,43.9,,,,,422.0,,0.266,,,0.033,,,0.19,,,3.62,,,,6.27,,,,,,0.097,,,,0.16,,,,0.005,,,,9.32,,6.73,6.76,0.0045,,,,,0.8,,0.68,,,,,0.04,,,0.001,,,,,,2.45,,16.1,,14.7,,0.88,,,,15.93,,,0.002,,,,,,,,,1.04,,0.0242,,,0.449,,,,,0.2,,
2011-09-29 12:15:00,2011-AT0215-0354,NF02XA0001,4.96,,,84.9,,,0.006,,,0.05,,,4.24,,,0.007,,0.001,,,1.1,,,,,0.004,,1.59,,,1.2,6.1,,,,,0.21,,,,0.31,,,0.052,,42.4,,,,,0.38,,0.3,,,,,0.018,,,,,5.8,,,,,456.0,,0.281,,,0.076,,,0.15,,,0.45,,,,5.23,,,,,,0.074,,,,0.2,,,,0.005,,,0.224,,,6.87,,0.0059,,,,,0.27,,0.568,,,,,0.03,,,0.001,,,,,,0.71,,15.8,,12.6,,0.78,,,,,,,0.002,,,,,,,,,1.17,,0.0244,,,0.431,,,,,0.4,,
2011-11-03 11:05:00,2011-AT0215-0375,NF02XA0001,5.32,,,71.3,,,0.005,,,0.04,,,4.07,,,0.007,,0.001,,,1.0,,,,,0.001,,1.63,,,1.4,5.3,,,,,0.25,,,,0.28,,,0.037,,38.2,,18.0,,,0.26,,0.3,,,,,0.011,,,,,6.1,,,,,390.0,,0.269,,,0.041,,,0.15,,,0.49,,,,3.68,,,,,,0.071,,,,0.17,,,,0.009,,,0.173,13.2,,6.92,6.4,,,,,,0.27,,0.541,,,,,0.03,,,0.001,,,,,,0.76,,15.7,,12.1,,0.92,,,,1.95,,,0.001,,,,,,,,,2.13,0.0,0.0248,,,0.328,,,,,0.3,,
2012-05-31 13:20:00,2012-AT0215-0323,NF02XA0001,1.83,,,130.0,,,0.005,,,0.04,,,3.18,,,0.009,,0.001,,,0.5,,,,,0.003,,1.29,,,0.9,6.3,,,,,0.29,,,,0.35,,,0.124,,47.6,,,,,0.47,,0.3,,,,,0.023,,,,,4.3,,,,,372.0,,0.296,,,0.054,,,0.12,,,0.26,,,,11.2,,,,,,0.026,,,,0.28,,,,0.005,,,0.155,,,5.96,,0.0082,,,,,0.29,,0.421,,,,,0.02,,,0.001,,,,,,0.66,,6.9,,6.0,,0.39,,,,7.0,,,0.002,,,,,,,,,1.37,,0.0223,,,0.491,,,,,0.7,,
2012-08-21 09:35:00,2012-AT0215-0373,NF02XA0001,5.21,,,78.1,,,0.005,,,0.06,,,4.41,,,0.009,,0.001,,,1.2,,,,,0.003,,1.54,,,1.5,5.2,,,,,0.19,,,,0.32,,,0.086,,41.0,,14.0,,,0.38,,0.3,,,,,0.018,,,,,5.8,,,,,539.0,,0.3,,,0.049,,,0.16,,,0.47,,,,10.3,,,,,,0.088,,,,0.18,,,,0.005,,,0.201,9.13,,6.79,5.78,0.0083,,,,,0.28,,0.672,,,,,0.03,,,0.001,,,,,,0.73,,15.5,,12.6,,0.75,,,,17.1,,,0.003,,,,,,,,,1.97,0.0,0.0285,,,0.489,,,,,0.3,,
2012-08-29 10:40:00,2012-AT0488-0006,NF02XB0018,5.14,20.0,,44.3,,,0.02,,,0.06,,,8.0,,,0.01,,,,,10.0,,,,,0.02,,,1.32,,,,5.3,,,,,0.32,,,0.12,,,0.06,,45.0,,13.6,,,0.22,,,0.02,,,,,,,,,,,,,,0.68,,,,,0.06,,,,,,,0.55,,,16.7,,,,,,0.08,,,,2.16,,,,,,,0.18,9.21,,6.95,6.62,0.012,,,0.4,,,,,,,,,0.03,,,0.01,,,,0.8,,,,14.0,,16.5,,,0.61,,,15.14,,,0.01,,0.05,,,0.68,,,,1.2,2.0,0.01,,,0.35,,,,,0.15,,
2012-11-07 12:10:00,2012-AT0215-0419,NF02XA0001,5.11,,,77.6,,,0.008,,,0.05,,,8.17,,,0.005,,0.001,,,1.9,,,,,0.002,,1.7,,,1.3,6.2,,,,,0.24,,,,0.2,,,0.042,,40.3,,11.0,,,0.5,,,,,,,0.01,,,,,6.2,,,,,230.0,,0.212,,,0.037,,,0.12,,,0.47,,,,7.85,,,,,,0.025,,,,0.15,,,,0.012,,,0.251,13.23,,6.59,,0.0059,,,,,0.27,,0.447,,,,,0.03,,,0.001,,,,,,0.64,,15.6,,16.4,,0.83,,,,,2.9,,0.002,,,,,,,,,0.69,0.0,0.0109,,,0.226,,,,,0.3,,
2013-05-25 11:30:00,2013-AT0215-0035,NF02XA0001,1.97,,,157.0,,,0.005,,,0.06,,,4.27,,,0.012,,0.001,,,0.7,,,,,0.016,,0.91,,,1.0,7.0,,,,,0.17,,,,0.34,,,0.127,,56.7,,,,,0.5,,0.3,,,,,0.033,,,,,3.3,,,,,429.0,,0.395,,,0.12,,,0.15,,,0.24,,,,9.1,,,,,,0.028,,,,0.24,,,,0.005,,,0.255,,,6.12,,0.0165,,0.18,,,,,0.469,,,,,0.02,,,0.001,,,0.4,,,,,8.4,,7.7,,0.42,,,,,,,0.002,,,,,,,,,1.52,,0.0259,,,0.466,,,,,0.7,,
2013-06-26 14:30:00,2013-AT0215-0101,NF02XA0001,3.04,,,84.1,,,0.004,,,0.04,,,3.59,,,0.008,,0.001,,,1.6,,,,,0.003,,1.16,,,1.4,5.4,,,,,0.15,,,,0.27,,,0.059,,42.5,,10.0,,,0.34,,0.3,,,,,0.012,,,,,4.2,,,,,279.0,,0.245,,,0.036,,,0.13,,,0.32,,,,6.17,,,,,,0.054,,,,0.18,,,,0.005,,,0.153,9.63,,6.63,7.49,0.0076,,0.2,,,,,0.491,,,,,0.02,,,0.001,,,0.53,,,,,11.0,,9.11,,0.61,,,,,15.37,,0.002,,,,,,,,,0.92,0.0,0.0226,,,0.333,,,,,0.3,,
2013-08-08 13:45:00,2013-AT0215-0152,NF02XA0001,5.17,,,80.7,,,0.004,,,0.05,,,5.12,,,0.009,,0.001,,,1.2,,,,,0.002,,1.68,,,1.7,5.4,,,,,0.2,,,,0.28,,,0.065,,38.5,,15.0,,,0.38,,0.3,,,,,0.014,,,,,6.1,,,,,390.0,,0.3,,,0.039,,,0.16,,,0.47,,,,7.94,,,,,,0.087,,,,0.16,,,,0.005,,,0.252,9.06,,6.87,7.18,0.0065,,0.3,,,,,0.673,,,,,0.02,,,0.001,,,0.75,,,,,15.6,,14.8,,0.85,,,,,19.1,,0.003,,,,,,,,,0.9,0.0,0.0272,,,0.42,,,,,0.3,,
2013-09-29 12:00:00,2013-AT0215-0223,NF02XA0001,4.03,,,133.0,,,0.035,,,0.06,,,5.83,,,0.011,,0.001,,,1.0,,,,,0.374,,1.5,,,1.7,7.9,,,,,0.59,,,,0.42,,,0.09,,58.5,,,,,1.28,,0.3,,,,,0.022,,,,,5.5,,,,,519.0,,0.467,,,0.454,,,0.18,,,0.42,,,,7.2,,,,,,0.058,,,,0.76,,,,0.005,,,0.238,,,6.64,,0.0084,,0.44,,,,,0.872,,,,,0.02,,,0.002,,,0.98,,,,,16.2,,12.6,,0.67,,,,,,,0.002,,,,,,,,,1.32,,0.0312,,,0.447,,,,,15.7,,
2014-05-31 12:00:00,2014-AT0215-0074,NF02XA0001,2.12,,,119.0,,,0.006,,,0.03,,,3.88,,,0.008,,0.006,,,0.6,,,,,0.016,,0.91,,,1.0,6.8,,,,,0.14,,,,0.28,,,0.121,,75.3,,,,,0.52,,,,,,,0.02,,,,,3.4,,,,,389.0,,0.327,,,0.11,,,0.12,,,0.27,,,,11.2,,,,,,0.032,,,,0.22,,,,0.005,,,0.235,,,6.23,,0.0144,,0.24,,,,,0.588,,,,,0.02,,,0.001,,,0.43,,,,,9.4,,7.35,,0.39,,,,,,,0.002,,,,,,,,,1.29,,0.0226,,,0.453,,,,,0.9,,
2014-06-25 13:30:00,2014-AT0215-0120,NF02XA0001,2.75,,,116.0,,,0.007,,,0.03,,,4.16,,,0.009,,0.001,,,0.9,,,,,0.003,,1.12,,,1.5,7.9,,,,,0.14,,,,0.29,,,0.074,,89.1,,9.0,,,0.43,,,,,,,0.016,,,,,4.1,,,,,368.0,,0.346,,,0.045,,,0.13,,,0.32,,,,6.32,,,,,,0.038,,,,0.22,,,,0.005,,,0.224,9.87,,6.42,6.53,0.0113,,0.22,,,,,0.454,,,,,0.02,,,0.001,,,0.52,,,,,10.9,,8.76,,0.47,,,,,14.06,,0.002,,,,,,,,,0.95,0.0,0.0236,,,0.394,,,,,0.5,,
2014-09-30 14:10:00,2014-AT0215-0335,NF02XA0001,4.0,20.0,,209.0,,,0.014,,,0.05,,,5.53,,,0.014,,0.001,,,0.8,,,,,0.003,,,1.75,,,8.0,,,,,,0.2,,,0.59,,,0.124,,75.0,,12.0,,,0.57,,,0.02,,,,0.06,,,,6.54,,,,,,710.0,,0.667,,,0.124,,,0.2,,,,0.53,,,8.77,,,,,,0.053,,,,0.32,,,,,,,0.2,11.39,,6.72,5.97,0.034,,,0.4,,,,0.65,,,,,0.03,,,0.001,,,,0.82,,,,13.4,,12.0,,,0.7,,,,8.16,,0.002,,,,,,,,,5.5,0.3,0.036,,,0.855,,,,,0.8,,
2014-10-05 10:00:00,2014-AT0215-0345,NF02XA0001,4.0,20.0,,397.0,,,0.006,,,0.05,,,7.43,,,0.017,,0.001,,,0.9,,,,,0.006,,,1.68,,,8.1,,,,,,0.3,,,0.98,,,0.238,,86.0,,,,,1.04,,,0.02,,,,0.129,,,,6.4,,,,,,1120.0,,1.02,,,0.224,,,0.3,,,,0.53,,,12.2,,,,,,0.059,,,,0.49,,,,,,,0.22,,,6.71,,0.026,,,0.4,,,,0.921,,,,,0.03,,,0.001,,,,0.81,,,,16.8,,12.5,,,1.7,,,,,,0.005,,,,,,,,,14.3,,0.0541,,,1.79,,,,,3.3,,
2014-11-06 10:30:00,2014-AT0215-0367,NF02XA0001,4.0,20.0,,109.0,,,0.025,,,0.04,,,4.87,,,0.01,,0.001,,,1.0,,,,,0.033,,,1.54,,1.1,6.8,,,0.659,0.004,,0.2,,,0.36,,,0.077,,70.0,,9.0,,,0.41,,,0.02,,,,0.016,,,,5.64,,,,,,434.0,,0.354,,,0.058,,,0.16,,,,0.44,,,5.49,,,,,,0.048,,,,0.21,,0.001,,,,,0.16,13.08,,6.69,,0.011,0.001,,0.4,,,,0.512,,,,,0.02,,,0.001,,,,0.77,,,,13.6,,12.2,,,0.8,,,,0.23,,0.001,,0.005,,,,,,0.002,1.1,5.8,0.0262,,,0.335,,,0.154,,1.0,,
2015-06-07 12:00:00,2015-AT0215-0015,NF02XA0001,2.0,20.0,,131.0,,,0.007,,,0.04,,,3.4,,,0.009,,0.001,,,0.7,,,,,0.014,,,0.89,,0.8,6.9,,,0.566,0.005,,0.1,,,0.32,,,0.096,,68.0,,,,,0.43,,,0.02,,,,0.017,,,,3.31,,,,,,358.0,,0.293,,,0.078,,,0.11,,,,0.26,,,8.34,,,,,,0.026,,,,0.21,,0.002,,,,,0.18,,,6.17,,0.01,0.001,,0.4,,,,0.413,,,,,0.04,,,0.001,,,,0.44,,,,7.7,,7.11,,,0.5,,,,,,0.002,,0.005,,,,,,0.001,1.2,,0.0209,,,0.382,,,0.123,,1.0,,
2015-09-01 09:35:00,2015-AT0215-0053,NF02XA0001,4.0,20.0,,134.0,,,0.008,,,0.04,,,5.16,,,0.01,,0.001,,,0.5,,,,,0.003,,,1.64,,1.4,6.7,,,0.853,0.009,,0.2,,,0.41,,,0.102,,69.0,,15.0,,,0.42,,,0.02,,,,0.031,,,,6.13,,,,,,641.0,,0.46,,,0.074,,,0.17,,,,0.49,,,8.83,,,,,,0.065,,,,0.25,,0.006,,,,,0.19,9.06,90.4,6.68,6.44,0.044,0.001,,0.4,,,,0.633,,,,,0.03,,,0.001,,,,0.76,,,,12.7,,11.2,,,0.2,,,,15.09,,0.003,,0.005,,,,,,0.003,7.5,18.0,0.0332,,,0.555,,,0.187,,0.7,,
2015-09-30 10:00:00,2015-AT0215-0066,NF02XA0001,4.0,20.0,,109.0,,,0.006,,,0.04,,,4.55,,,0.009,,0.001,,,0.5,,,,,0.002,,,1.49,,1.2,7.2,,,0.659,0.004,,0.1,,,0.35,,,0.057,,73.0,,11.0,,,0.33,,,0.02,,,,0.018,,,,5.49,,,,,,592.0,,0.367,,,0.066,,,0.15,,,,0.43,,,5.65,,,,,,0.057,,,,0.23,,0.001,,,,,0.19,10.63,95.1,6.73,5.68,0.006,0.001,,0.4,,,,0.508,,,,,0.03,,,0.001,,,,0.72,,,,13.2,,11.4,,,0.7,,,,9.84,,0.004,,0.005,,,,,,0.002,1.3,0.3,0.0316,,,0.41,,,0.145,,0.4,,
2015-11-10 10:25:00,2015-AT0215-0090,NF02XA0001,5.0,20.0,,166.0,,,0.006,,,0.03,,,5.52,,,0.01,,0.001,,,0.6,,,,,0.002,,,1.81,,1.6,6.0,,,0.975,0.011,,0.2,,,0.41,,,0.101,,66.0,,10.0,,,0.45,,,0.02,,,,0.041,,,,6.89,,,,,,580.0,,0.528,,,0.081,,,0.23,,,,0.57,,,6.55,,,,,,0.072,,,,0.23,,0.014,,,,,0.17,13.47,94.9,6.85,5.09,0.017,0.001,,0.4,,,,0.684,,,,,0.03,,,0.001,,,,0.9,,,,15.8,,12.8,,,1.1,,,,0.91,,0.002,,0.005,,,,,,0.003,3.0,21.6,0.0345,,,0.563,,,0.22,,0.6,,
2016-06-03 14:30:00,2016-AT0215-0007,NF02XA0001,2.39,20.0,,110.0,,,0.004,,,0.04,,,3.64,,,0.009,,0.001,,,0.6,,,,,0.002,,,0.97,,0.9,6.7,,,0.539,0.004,,0.1,,,0.27,,,0.063,,68.0,,,,,0.05,,,0.02,,,,0.012,,,,3.63,,,,,,350.0,,0.301,,,0.043,,,0.11,,,,0.29,,,6.3,,,,,,0.032,,,,0.02,,0.003,,,,,0.18,,,6.4,,0.008,0.001,,0.4,,,,0.463,,,,,0.02,,,0.001,,,,0.49,,,,8.8,,7.6,,,0.5,,,,,,0.001,,0.005,,,1.5,,,0.002,1.6,,0.0202,,,0.36,,,0.118,,0.4,,
2016-06-29 11:10:00,2016-AT0215-0021,NF02XA0001,2.83,20.0,,132.0,,,0.011,,,0.04,,,4.37,,,0.01,,0.001,,,1.0,,,,,0.003,,,1.17,,0.9,6.3,,,0.657,0.005,,0.1,,,0.31,,,0.083,,66.0,,10.0,,,0.45,,,0.02,,,,0.021,,,,4.32,,,,,,364.0,,0.353,,,0.05,,,0.15,,,,0.34,,,6.81,,,,,,0.044,,,,0.24,,0.008,,,,,0.18,9.18,93.3,6.49,6.23,0.011,0.001,,0.4,,,,0.519,,,,,0.02,,,0.001,,,,0.58,,,,10.3,,9.11,,,0.6,,,,15.84,,0.002,,0.005,,,2.63,,,0.004,2.2,14.1,0.0254,,,0.41,,,0.146,,0.7,,
2016-09-15 12:20:00,2016-AT0215-0065,NF02XA0001,4.11,20.0,,265.0,,,0.01,,,0.05,,,6.45,,,0.017,,0.001,,,0.9,,,,,0.004,,,1.54,,1.1,7.6,,,1.72,0.014,,0.1,,,0.71,,,0.141,,89.0,,12.0,,,0.69,,,0.02,,,,0.082,,,,5.77,,,,,,799.0,,0.881,,,0.131,,,0.23,,,,0.47,,,8.42,,,,,,0.057,,,,0.36,,0.031,,,,,0.2,10.44,95.6,6.75,6.58,0.052,0.001,,0.4,,,,0.666,,,,,0.03,,,0.001,,,,0.73,,,,12.2,,12.3,,,0.6,,,,11.16,,0.003,,0.006,,,11.1,,,0.003,3.0,21.7,0.0428,,,1.12,,,0.368,,0.8,,
2016-10-09 15:00:00,2016-AT0215-0081,NF02XA0001,5.15,20.0,,138.0,,,0.007,,,0.04,,,4.87,,,0.011,,0.001,,,2.1,,,,,0.004,,,1.57,,1.3,5.8,,,0.776,0.008,,0.3,,,0.41,,,0.145,,64.0,,,,,0.52,,,0.02,,,,0.025,,,,5.87,,,,,,654.0,,0.412,,,0.085,,,0.25,,,,0.47,,,13.7,,,,,,0.072,,,,0.29,,0.01,,,,,0.16,,,6.95,,0.01,0.001,,0.4,,,,0.59,,,,,0.05,,,0.001,,,,0.8,,,,15.4,,12.5,,,0.8,,,,,,0.004,,0.005,,,3.75,,,0.004,2.0,,0.0289,,,0.58,,,0.185,,0.7,,
2017-06-07 09:33:00,2017-AT0215-0007,NF02XA0001,2.52,,,102.0,,,0.005,,,0.03,,,3.5,,,0.007,,0.001,,,0.9,,,,,0.002,,,0.98,,0.9,6.5,,,0.525,0.004,,0.2,,,0.27,,,0.082,,66.0,,,,,0.34,,,0.02,,,,0.023,,,,3.64,,,,,,395.0,,0.283,,,0.044,,,0.11,,,,0.29,,,7.28,,,,,,0.031,,,,0.21,,0.002,,,,,0.16,,,6.24,,0.008,0.001,,0.4,,,,0.519,,,,,0.02,,,0.001,,,,0.46,,,,9.72,,7.77,,,0.6,,,,,,0.002,,0.005,,,1.37,,,0.001,1.3,,0.022,,,0.4,,,0.116,,0.5,,
2017-07-05 10:45:00,2017-AT0215-0023,NF02XA0001,2.87,,,112.0,,,0.006,,,0.04,,,3.94,,,0.009,,0.001,,,0.9,,,,,0.003,,,1.14,,0.9,6.8,,,0.552,0.004,,0.2,,,0.31,,,0.056,,65.0,,9.0,,,0.4,,,0.02,,,,0.028,,,,4.21,,,,,,344.0,,0.31,,,0.037,,,0.13,,,,0.33,,,4.95,,,,,,0.044,,,,0.2,,0.002,,,,,0.19,9.25,93.4,6.49,6.05,0.007,0.001,,0.4,,,,0.526,,,,,0.03,,,0.001,,,,0.58,,,,10.8,,9.9,,,0.6,,,,16.07,,0.002,,0.005,,,1.26,,,0.002,0.9,1.2,0.024,,,0.37,,,0.128,,0.4,,
2017-10-20 11:30:00,2017-AT0215-0071,NF02XA0001,4.19,3.64,,489.0,,,0.007,,,0.05,,,7.75,,,0.022,,0.001,,,1.0,,,,,0.003,,,1.55,,,,6.44,,2.5,0.029,,0.2,,,0.88,,,0.283,,69.0,,12.0,,,1.05,,,0.03,,,,0.198,,,,5.92,,,,,,1100.0,,1.27,,,0.202,,,0.39,,,,0.5,,,14.8,,,,,,0.064,,,,0.55,,0.06,,,,,0.21,12.18,93.9,6.76,6.32,0.084,0.001,,0.4,,,,0.921,,,,,0.03,,,0.002,,,,0.74,,,,13.5,,12.7,,,0.7,,,,4.24,,0.005,,0.007,,,24.4,,,0.004,4.3,10.9,0.0523,,,1.57,,,0.607,,1.4,,
2017-11-02 13:05:00,2017-AT0215-0081,NF02XA0001,4.38,3.94,,50.1,,,0.024,,,0.28,,,32.5,,,0.006,,0.001,,,1.9,,,,,0.027,,,1.46,,,,5.78,,0.113,0.003,,0.2,,,0.1,,,0.023,,65.0,,12.0,,,1.37,,,0.03,,,,0.007,,,,5.47,,,,,,88.8,,0.08,,,1.04,,,0.12,,,,0.44,,,10.8,,,,,,0.059,,,,0.16,,0.002,,,,,0.15,11.89,91.9,6.79,6.42,0.012,0.001,,0.4,,,,0.32,,,,,0.03,,,0.003,,,,0.76,,,,13.2,,9.37,,,0.8,,,,4.68,,0.006,,0.005,,,0.44,,,0.001,4.3,17.5,0.0347,,,0.08,,,0.103,,10.9,,
2018-06-05 10:00:00,2018-AT0215-0007,NF02XA0001,1.85,1.3,,159.0,,,0.006,,,0.04,,,3.78,,,0.01,,0.001,,,0.7,,,0.02,,0.003,,0.41,,,,,7.92,,0.742,0.008,,0.1,,,0.34,,,0.165,,93.0,,6.9,,,0.45,,,0.03,,0.02,,0.047,,,,2.25,,,,,,467.0,,0.375,,,0.071,,,0.11,,,0.3,,,,14.6,,,,,,0.025,,,,0.29,,0.01,,,,0.02,0.19,11.97,94.5,6.01,5.73,0.013,0.001,0.14,,,,,0.496,,,,,0.01,,,0.001,,,0.34,,,,,7.7,,6.46,,,0.3,,,,6.0,,0.002,,0.005,,,4.64,,,0.004,2.6,0.0,0.0216,,,0.51,,,0.149,,1.0,,
2018-06-21 12:45:00,2018-AT0215-0017,NF02XB0018,2.52,2.04,,77.2,,,0.005,,,0.03,,,6.05,,,0.004,,0.001,,,0.9,,,0.02,,0.001,,0.51,,,,,6.47,,0.336,0.003,,0.2,,,0.1,,,0.044,,66.0,,7.0,,,0.2,,,0.03,,0.04,,0.011,,,,2.61,,,,,,318.0,,0.207,,,0.037,,,0.12,,,0.3,,,,9.89,,,,,,0.028,,,,0.06,,0.002,,,,0.02,0.15,11.44,94.9,6.4,5.79,0.006,0.001,0.1,,,,,0.214,,,,,0.02,,,0.001,,,0.45,,,,,8.7,,9.64,,,0.3,,,,7.12,,0.002,,0.005,,,0.63,,,0.001,0.7,0.0,0.0085,,,0.19,,,0.092,,0.4,,
2018-07-10 09:50:00,2018-AT0215-0018,NF02XA0001,3.74,3.19,,98.4,,,0.005,,,0.03,,,3.54,,,0.006,,0.001,,,0.9,,,0.02,,0.001,,1.32,,,,,5.71,,0.479,0.006,,0.2,,,0.33,,,0.068,,61.0,,10.0,,,0.38,,,0.03,,0.04,,0.025,,,,4.33,,,,,,314.0,,0.269,,,0.042,,,0.14,,,0.2,,,,5.78,,,,,,0.052,,,,0.17,,0.003,,,,0.02,0.15,8.83,92.3,6.74,6.12,0.016,0.001,0.18,,,,,0.54,,,,,0.01,,,0.001,,,0.6,,,,,11.0,,8.91,,,0.7,,,,17.49,,0.002,,0.005,,,2.11,,,0.003,0.9,12.0,0.0252,,,0.4,,,0.105,,0.5,,
2018-08-02 13:25:00,2018-AT0215-0040,NF02XB0018,3.21,2.56,,102.0,,,0.007,,,0.04,,,9.72,,,0.006,,0.001,,,1.7,,,0.02,,0.004,,1.2,,,,,8.87,,0.434,0.006,,0.2,,,0.14,,,0.079,,99.0,,,,,0.36,,,0.03,,0.06,,0.015,,,,5.01,,,,,,545.0,,0.25,,,0.095,,,0.17,,,0.5,,,,17.8,,,,,,0.052,,,,0.1,,0.002,,,,0.02,0.22,,,6.4,,0.012,0.001,0.13,,,,,0.289,,,,,0.03,,,0.001,,,0.6,,,,,11.5,,14.1,,,0.4,,,,,,0.004,,0.005,,,1.1,,,0.001,1.1,,0.0137,,,0.3,,,0.124,,0.4,,
2018-08-29 11:35:00,2018-AT0215-0052,NF02XA0001,4.46,3.95,,241.0,,,0.007,,,0.05,,,6.2,,,0.013,,0.001,,,1.2,,,0.02,,0.005,,0.6,,,,,6.58,,1.38,0.014,,0.2,,,0.56,,,0.142,,89.0,,13.0,,,0.67,,,0.03,,0.04,,0.082,,,,3.27,,,,,,758.0,,0.699,,,0.116,,,0.26,,,0.4,,,,9.78,,,,,,0.074,,,,0.32,,0.027,,,,0.02,0.2,9.1,92.2,6.81,6.53,0.041,0.001,0.3,,,,,0.739,,,,,0.03,,,0.001,,,0.73,,,,,13.0,,13.1,,,0.7,,,,16.25,,0.004,,0.005,,,9.72,,,0.005,1.9,18.4,0.0414,,,0.87,,,0.291,,1.0,,
2018-10-01 10:00:00,2018-AT0215-0074,NF02XA0001,4.93,4.28,,127.0,,,0.006,,,0.03,,,5.58,,,0.01,,0.001,,,1.0,,,0.02,,0.002,,1.0,,,,,6.66,,0.843,0.005,,0.2,,,0.43,,,0.104,,86.0,,,,,0.61,,,0.03,,0.04,,0.035,,,,4.33,,,,,,699.0,,0.458,,,0.067,,,0.15,,,0.5,,,,7.81,,,,,,0.08,,,,0.25,,0.007,,,,0.02,0.18,,,6.8,,0.009,0.001,0.3,,,,,0.613,,,,,0.04,,,0.001,,,0.7,,,,,14.8,,13.8,,,0.8,,,,,,0.002,,0.005,,,2.85,,,0.002,1.7,,0.0279,,,0.65,,,0.185,,0.5,,
2018-10-03 13:00:00,2018-AT0215-0068,NF02XB0018,3.74,3.32,,65.6,,,0.006,,,0.04,,,6.97,,,0.005,,0.001,,,1.3,,,0.01,,0.002,,0.5,,,,,6.26,,0.367,0.003,,0.3,,,0.15,,,0.044,,66.0,,10.0,,,0.27,,,0.03,,0.07,,0.008,,,,1.92,,,,,,368.0,,0.226,,,0.085,,,0.17,,,0.4,,,,10.5,,,,,,0.057,,,,0.09,,0.002,,,,0.02,0.2,12.6,95.1,6.69,6.42,0.009,0.001,0.23,,,,,0.316,,,,,0.03,,,0.002,,,0.8,,,,,11.9,,12.8,,,0.5,,,,3.59,,0.001,,0.005,,,0.57,,,0.001,1.3,0.9,0.0124,,,0.22,,,0.106,,0.2,,
2019-05-30 12:30:00,2019-AT0215-0004,NF02XA0001,1.49,1.0,,156.0,,,0.007,,,0.03,,,3.74,,,0.01,,0.001,,,0.5,,,0.02,,0.006,,1.1,,,,,7.53,,0.678,0.01,,0.1,,,0.32,,,0.136,,96.0,,,,,0.53,,,0.03,,0.03,,0.038,,,,2.75,,,,,,405.0,,0.346,,,0.074,,,0.15,,,0.4,,,,14.0,,,,,,0.021,,,,0.24,,0.012,,,,0.02,0.2,,,5.8,,0.018,0.001,0.18,,,,,0.945,,,,,0.02,,,0.001,,,0.3,,,,,7.2,,5.94,,,0.2,,,,,,0.003,,0.005,,,3.81,,,0.002,2.1,,0.0226,,,0.46,,,0.14,,4.5,,
2019-06-20 12:55:00,2019-AT0215-0018,NF02XB0018,2.26,1.94,,80.7,,,0.005,,,0.03,,,6.44,,,0.006,,0.001,,,0.6,,,0.02,,0.002,,0.8,,,,,6.43,,0.372,0.003,,0.2,,,0.12,,,0.052,,68.0,,,,,0.28,,,0.03,,0.05,,0.011,,,,2.65,,,,,,383.0,,0.23,,,0.044,,,0.13,,,0.4,,,,12.8,,,,,,0.034,,,,0.08,,0.002,,,,0.02,0.15,,,6.33,,0.008,0.001,0.08,,,,,0.277,,,,,0.02,,,0.001,,,0.5,,,,,8.5,,10.2,,,0.3,,,,,,0.001,,0.005,,,0.77,,,0.001,0.8,,0.0091,,,0.22,,,0.101,,0.4,,
2019-08-08 17:00:00,2019-AT0215-0033,NF02XB0018,2.34,1.9,,91.9,,,0.007,,,0.04,,,7.81,,,0.007,,0.001,,,1.3,,,0.02,,0.002,,0.8,,,,,8.69,,0.438,0.004,,0.2,,,0.14,,,0.053,,88.0,,9.0,,,0.29,,,0.03,,0.06,,0.014,,,,3.77,,,,,,385.0,,0.27,,,0.078,,,0.16,,,0.4,,,,10.9,,,,,,0.048,,,,0.11,,0.002,,,,0.02,0.22,9.24,97.1,6.35,6.13,0.009,0.001,0.14,,,,,0.284,,,,,0.03,,,0.001,,,0.5,,,,,9.8,,11.3,,,0.4,,,,17.78,,0.002,,0.005,,,0.83,,,0.001,0.9,0.6,0.0118,,,0.25,,,0.122,,0.4,,
2019-09-03 15:15:00,2019-AT0215-0053,NF02XA0001,3.43,2.98,,134.0,,,0.007,,,0.05,,,5.16,,,0.01,,0.001,,,0.6,,,0.02,,0.003,,1.2,,,,,9.25,,0.768,0.005,,0.2,,,0.37,,,0.082,,115.0,,13.0,,,0.47,,,0.03,0.011,0.04,0.046,0.026,,0.008,0.005,4.99,,0.006,0.001,0.005,,588.0,,0.426,,,0.066,,,0.16,,0.002,0.5,,,,6.47,,,,,,0.048,,0.384,,0.26,,0.007,,,,0.02,0.28,9.48,94.9,6.55,6.5,0.013,0.001,0.23,,,,0.106,0.507,,0.005,0.058,0.03,0.03,,,0.001,,,0.6,,,,,12.6,,11.6,,,0.6,,0.02,,15.69,0.006,0.003,,0.005,,,2.02,,,0.003,0.6,30.1,0.0302,,,0.42,,0.018,0.172,,0.6,,0.02
2019-09-29 11:30:00,2019-AT0215-0069,NF02XA0001,4.31,3.76,,190.0,,,0.01,,,0.04,,,5.52,,,0.012,,0.001,,,1.2,,,0.02,,0.003,,1.4,,,,,7.67,,1.07,0.009,,0.3,,,0.42,,,0.117,,107.0,,11.8,,,0.54,,,0.03,0.015,0.04,0.068,0.049,,0.012,0.005,5.58,,0.008,0.001,0.005,,676.0,,0.565,,,0.097,,,0.2,,0.003,0.5,,,,8.13,,,,,,0.063,,0.537,,0.32,,0.024,,,,0.02,0.2,10.51,94.0,6.73,6.22,0.008,0.001,0.43,,,,0.143,0.65,,0.005,0.087,0.04,0.03,,,0.001,,,0.9,,,,,14.4,,12.2,,,0.9,,0.02,,10.13,0.009,0.002,,0.011,,,6.1,,,0.004,1.8,9.5,0.0351,,,0.56,,0.022,0.244,,0.7,,0.02
2019-10-09 15:45:00,2019-AT0215-0079,NF02XB0018,3.84,3.48,,64.6,,,0.006,,,0.03,,,7.23,,,0.006,,0.001,,,1.1,,,0.02,,0.002,,0.9,,,,,5.64,,0.375,0.004,,0.3,,,0.13,,,0.047,,65.0,,11.0,,,0.3,,,0.03,0.006,0.08,0.026,0.011,,0.005,0.005,4.49,,0.004,0.001,0.005,,344.0,,0.241,,,0.081,,,0.18,,0.002,0.5,,,,11.0,,,,,,0.069,,0.204,,0.09,,0.002,,,,0.02,0.17,12.01,98.6,6.73,6.0,0.008,0.001,0.21,,,,0.056,0.372,,0.005,0.03,0.02,0.02,,,0.001,,,0.7,,,,,12.2,,13.1,,,0.6,,0.02,,6.72,0.003,0.001,,0.005,,,0.57,,,0.001,1.3,0.5,0.0139,,,0.25,,0.009,0.107,,0.4,,0.01
2019-10-29 13:30:00,2019-AT0215-0091,NF02XA0001,4.91,4.35,,358.0,,,0.005,,,0.04,,,6.94,,,0.017,,0.001,,,0.9,,,0.02,,0.004,,1.5,,,,,6.3,,1.94,0.02,,0.3,,,0.66,,,0.189,,96.0,,14.0,,,0.77,,,0.03,0.024,0.05,0.118,0.124,,0.013,0.005,6.14,,0.015,0.001,0.005,,928.0,,0.958,,,0.159,,,0.29,,0.005,0.6,,,,10.7,,,,,,0.071,,0.879,,0.39,,0.042,,,,0.02,0.21,13.24,98.1,6.76,6.26,0.064,0.001,0.31,,,,0.233,0.88,,0.005,0.153,0.06,0.03,,,0.001,,,0.7,,,,,14.2,,13.4,,,0.8,,0.02,,2.89,0.014,0.004,,0.009,,,15.3,,,0.007,6.5,8.7,0.048,,,0.97,,0.035,0.395,,1.1,,0.02
2020-08-13 10:25:00,2020-AT0215-0002,NF02XA0001,,5.5,,55.5,,,0.019,,,0.04,,,3.89,,,0.004,,0.001,,,1.3,,0.01,,,0.008,,,1.6,,,4.6,,,0.384,0.007,,0.75,,,0.33,,,0.048,,,42.0,15.1,16.0,,0.32,,,,0.004,0.1,0.022,0.008,,0.005,0.005,,,0.003,0.001,0.005,,350.0,,0.219,,,0.037,,,0.17,,0.002,,0.44,,,5.19,,,,,,0.088,,0.2,,0.14,,0.002,0.05,,0.05,0.01,0.129,8.58,96.5,6.97,6.99,0.0028,0.001,,0.29,,,0.054,0.767,,0.005,0.03,0.01,0.02,,,0.001,,,,0.7,,,,,,12.4,,,0.5,,0.02,,21.17,0.003,0.003,,0.014,,,1.02,,,0.003,1.1,0.0,0.0214,,,0.38,,0.009,0.09,,1.2,,0.01
2020-08-26 17:30:00,2020-AT0215-0017,NF02XB0018,,3.1,,221.0,,,0.014,,,0.05,,,16.8,,,0.013,,0.001,,,1.5,,0.01,,,0.008,,,1.8,,,16.0,,,1.04,0.009,,1.1,,,0.31,,,0.494,,,110.0,15.1,15.0,,0.44,,,,0.013,0.1,0.063,0.017,,0.005,0.005,,,0.009,0.001,0.005,,1600.0,,0.548,,,0.236,,,0.25,,0.004,,0.7,,,103.0,,,,,,0.072,,0.476,,0.22,,0.004,0.05,,0.05,0.017,0.492,9.83,90.8,6.23,5.45,0.023,0.001,,0.23,,,0.125,0.48,,0.005,0.073,0.02,0.04,,,0.002,,,,0.62,,,,,,21.9,,,1.0,,0.02,,11.81,0.008,0.005,,0.013,,,3.1,,,0.002,5.3,3.47,0.0272,,,0.87,,0.024,0.255,,1.6,,0.03
2020-09-15 18:00:00,2020-AT0215-0025,NF02XB0018,,3.6,,73.1,,,0.005,,,0.04,,,7.54,,,0.006,,0.001,,,1.2,,0.01,,,0.002,,,1.2,,,6.2,,,0.451,0.004,,1.3,,,0.25,,,0.063,,,58.0,11.9,12.0,,0.38,,,,0.006,0.1,0.028,0.002,,0.005,0.005,,,0.005,0.001,0.005,,463.0,,0.281,,,0.11,,,0.18,,0.002,,0.48,,,14.7,,,,,,0.061,,0.239,,0.11,,0.002,0.05,,0.05,0.01,0.366,11.27,98.6,6.55,6.07,0.0069,0.001,,0.18,,,0.064,0.378,,0.005,0.036,0.01,0.02,,,0.001,,,,0.68,,,,,,13.3,,,0.5,,0.02,,9.46,0.004,0.001,,0.01,,,0.78,,,0.001,2.3,1.65,0.0155,,,0.29,,0.013,0.123,,0.6,,0.02
2020-09-22 10:20:00,2020-AT0215-0030,NF02XA0001,,5.1,,81.1,,,0.008,,,0.04,,,4.17,,,0.008,,0.001,,,0.9,,0.01,,,0.002,,,1.8,,,6.4,,,0.559,0.005,,0.65,,,0.38,,,0.051,,,61.0,13.6,15.0,,0.28,,,,0.009,0.1,0.033,0.008,,0.005,0.005,,,0.004,0.001,0.005,,474.0,,0.327,,,0.05,,,0.15,,0.001,,0.5,,,5.02,,,,,,0.068,,0.29,,0.19,,0.003,0.05,,0.05,0.01,0.172,11.11,94.6,6.82,6.69,0.0027,0.001,,0.25,,,0.077,0.614,,0.005,0.042,0.02,0.02,,,0.001,,,,0.74,,,,,,12.5,,,0.5,,0.02,,8.27,0.004,0.002,,0.012,,,1.3,,,0.003,1.8,0.3,0.0266,,,0.4,,0.012,0.128,,0.8,,0.01
2020-10-07 17:50:00,2020-AT0215-0038,NF02XB0018,,3.3,,77.7,,,0.007,,,0.03,,,8.1,,,0.006,,0.001,,,1.3,,0.01,,,0.002,,,1.2,,,6.3,,,0.486,0.005,,0.5,,,0.19,,,0.061,,,74.0,11.0,12.0,,0.24,,,,0.006,0.1,0.03,0.003,,0.005,0.005,,,0.005,0.001,0.005,,451.0,,0.292,,,0.121,,,0.18,,0.002,,0.49,,,13.2,,,,,,0.057,,0.249,,0.09,,0.002,0.05,,0.05,0.01,0.292,10.73,91.0,6.6,6.34,0.01,0.001,,0.23,,,0.069,0.392,,0.005,0.037,0.01,0.02,,,0.001,,,,0.7,,,,,,13.8,,,0.5,,0.02,,8.06,0.004,0.002,,0.03,,,0.79,,,0.001,1.6,0.2,0.0144,,,0.3,,0.012,0.127,,0.6,,0.02
2020-11-06 10:45:00,2020-AT0215-0051,NF02XA0001,,3.2,,152.0,,,0.02,,,0.04,,,5.07,,,0.011,,0.001,,,0.6,,0.01,,,0.007,,,1.5,,,8.5,,,0.965,0.005,,0.8,,,0.45,,,0.13,,,89.0,12.4,11.0,,0.63,,,,0.013,0.1,0.052,0.013,,0.005,0.005,,,0.007,0.001,0.005,,506.0,,0.514,,,0.094,,,0.15,,0.003,,0.43,,,8.82,,,,,,0.042,,0.47,,0.3,,0.006,0.05,,0.05,0.01,0.189,14.95,102.4,6.44,6.57,0.0065,0.001,,0.23,,,0.126,0.547,,0.005,0.069,0.02,0.03,,,0.001,,,,0.64,,,,,,11.6,,,0.5,,0.02,,0.04,0.007,0.002,,0.09,,,2.32,,,0.002,1.5,,0.03,,,0.4,,0.014,0.2,,1.6,,0.02
2021-05-26 10:30:00,2021-AT0215-0002,NF02XA0001,1.83,1.34,,159.0,,,0.005,,,0.03,,,3.41,,,0.011,,0.001,,,0.9,,,0.02,,0.004,,0.4,,,,,7.08,,0.718,0.006,,0.2,,,0.43,,,0.136,,96.0,,6.0,,,0.46,,,0.03,0.009,0.02,0.042,0.028,,0.007,0.005,2.65,,0.006,0.001,0.005,,451.0,,0.36,,,0.074,,,0.13,,0.002,0.4,,,,10.4,,,,,,0.024,,0.32,,0.23,,0.014,,,,0.02,0.17,11.28,92.1,6.08,6.38,0.012,0.001,0.27,,,,0.082,0.49,,0.005,0.048,0.03,0.02,,,0.001,,,0.5,,,,,6.8,,6.08,,,0.3,,0.02,,6.53,0.004,0.002,,0.02,,,4.43,,,0.002,2.3,2.0,0.0235,,,0.45,,0.011,0.144,,0.8,,0.01
2021-06-10 12:30:00,2021-AT0215-0012,NF02XB0018,2.41,1.92,,90.4,,,0.011,,,0.03,,,6.16,,,0.007,,0.001,,,1.2,,,0.02,,0.004,,0.4,,,,,6.22,,0.484,0.003,,0.2,,,0.26,,,0.06,,78.0,,8.3,,,0.29,,,0.03,0.007,0.05,0.028,0.007,,0.005,0.005,2.65,,0.004,0.001,0.005,,422.0,,0.292,,,0.089,,,0.13,,0.002,0.4,,,,12.0,,,,,,0.033,,0.242,,0.09,,0.003,,,,0.02,0.1,11.32,96.1,6.33,6.15,0.008,0.001,0.15,,,,0.065,0.24,,0.005,0.036,0.02,0.03,,,0.001,,,0.5,,,,,8.6,,10.5,,,0.4,,0.02,,8.237,0.003,0.002,,0.021,,,0.89,,,0.003,1.2,0.48,0.0115,,,0.23,,0.013,0.12,,1.0,,0.01
2021-07-06 14:30:00,2021-AT0215-0023,NF02XA0001,3.57,3.11,,93.4,,,0.009,,,0.04,,,3.93,,,0.008,,0.001,,,1.2,,,0.02,,0.01,,0.9,,,,,6.04,,0.518,0.006,,0.1,,,0.4,,,0.075,,86.0,,10.0,,,0.36,,,0.03,0.007,0.04,0.028,0.011,,0.005,0.005,2.65,,0.004,0.001,0.005,,372.0,,0.27,,,0.05,,,0.15,,0.001,0.4,,,,6.29,,,,,,0.054,,0.25,,0.19,,0.006,,,,0.02,0.17,8.85,98.4,6.59,6.1,0.007,0.001,0.24,,,,0.067,0.582,,0.005,0.037,0.02,0.02,,,0.001,,,0.6,,,,,10.7,,9.55,,,0.6,,0.02,,20.5,0.004,0.003,,0.024,,,1.54,,,0.003,0.9,0.9,0.0248,,,0.34,,0.01,0.114,,0.7,,0.01
2021-08-17 11:10:00,2021-AT0215-0049,NF02XA0001,4.49,3.74,,143.0,,,0.007,,,0.04,,,7.91,,,0.01,,0.001,,,1.6,,,0.02,,0.004,,0.9,,,,,9.11,,1.1,0.007,,0.2,,,0.38,,,0.148,,113.0,,14.7,,,0.5,,,0.03,0.014,0.05,0.059,0.011,,0.073,0.005,2.65,,0.008,0.001,0.005,,575.0,,0.602,,,0.078,,,0.19,,0.003,0.4,,,,12.8,,,,,,0.077,,0.549,,0.27,,0.009,,,,0.02,0.24,8.8,94.6,6.59,6.48,0.009,0.001,0.28,,,,0.14,0.653,,0.005,0.083,0.03,0.04,,,0.001,,,0.7,,,,,14.4,,16.3,,,0.7,,0.02,,18.86,0.008,0.004,,0.011,,,2.36,,,0.003,1.4,2.2,0.034,,,0.52,,0.02,0.213,,0.6,,0.02
2021-10-07 12:45:00,2021-AT0215-0068,NF02XB0018,3.76,3.1,,74.2,,,0.007,,,0.04,,,7.57,,,0.005,,0.001,,,1.8,,,0.02,,0.002,,0.5,,,,,6.55,,0.385,0.003,,0.3,,,0.14,,,0.047,,70.0,,10.3,,,0.32,,,0.03,0.007,0.07,0.026,0.007,,0.005,0.005,2.65,,0.004,0.001,0.005,,407.0,,0.243,,,0.082,,,0.18,,0.002,0.4,,,,9.31,,,,,,0.07,,0.199,,0.09,,0.002,,,,0.02,0.17,11.87,94.4,6.6,5.57,0.008,0.001,0.24,,,,0.056,0.35,,0.005,0.033,0.02,0.03,,,0.001,,,0.8,,,,,11.6,,13.6,,,0.5,,0.02,,5.49,0.003,0.002,,0.015,,,0.76,,,0.001,1.0,0.0,0.0122,,,0.26,,0.011,0.104,,0.3,,0.01
2021-10-09 09:47:00,2021-AT0215-0074,NF02XA0001,4.23,3.45,,160.0,,,0.01,,,0.05,,,5.49,,,0.011,,0.002,,,0.8,,,0.02,,0.018,,0.8,,,,,9.6,,0.926,0.006,,0.2,,,0.45,,,0.121,,134.0,,22.5,,,0.55,,,0.03,0.011,0.03,0.052,0.023,,0.009,0.005,3.62,,0.007,0.001,0.005,,813.0,,0.514,,,0.104,,,0.16,,0.002,0.4,,,,9.76,,,,,,0.073,,0.444,,0.3,,0.009,,,,0.02,0.23,12.3,98.3,6.54,5.16,0.01,0.001,0.3,,,,0.122,0.635,,0.005,0.07,0.03,0.03,,,0.001,,,0.7,,,,,13.7,,12.2,,,0.6,,0.02,,5.8,0.007,0.002,,0.031,,,3.06,,,0.004,1.6,3.3,0.0327,,,0.54,,0.019,0.198,,1.0,,0.02
2022-06-02 12:30:00,2022-AT0215-0009,NF02XB0018,2.19,1.89,,96.3,,,0.006,,,0.03,,,7.28,,,0.007,,0.001,,,1.5,,,0.02,,0.004,,0.4,,,,,7.19,,0.47,0.004,,0.2,,,0.13,,,0.108,,83.0,,7.5,,,0.25,,,0.03,0.006,0.05,0.027,0.006,,0.005,0.005,2.65,,0.004,0.001,0.005,,535.0,,0.288,,,0.063,,,0.12,,0.002,0.4,,,,32.7,,,,,,0.027,,0.226,,0.09,,0.004,,,,0.02,0.17,12.76,91.4,6.23,5.52,0.008,0.001,0.2,,,,0.065,0.308,,0.005,0.038,0.02,0.02,,,0.001,,,0.6,,,,,9.1,,9.21,,,0.3,,0.02,,1.66,0.005,0.002,,0.005,,,0.88,,,0.001,0.6,0.4,0.0092,,,0.24,,0.014,0.101,,0.6,,0.01
2022-07-06 12:45:00,2022-AT0215-0025,NF02XA0001,3.33,3.12,,94.2,,,0.005,,,0.03,,,3.79,,,0.008,,0.001,,,0.8,,,0.02,,0.002,,0.8,,,,,5.07,,0.497,0.005,,0.2,,,0.3,,,0.073,,69.0,,10.1,,,0.4,,,0.03,0.007,0.04,0.03,0.011,,0.01,0.005,2.65,,0.004,0.001,0.005,,355.0,,0.275,,,0.046,,,0.14,,0.001,0.4,,,,6.79,,,,,,0.055,,0.24,,0.19,,0.006,,,,0.02,0.18,8.98,91.7,6.65,6.36,0.008,0.001,0.24,,,,0.066,0.568,,0.005,0.036,0.02,0.02,,,0.001,,,0.6,,,,,10.8,,8.74,,,0.5,,0.02,,16.21,0.003,0.002,,0.011,,,1.65,,,0.003,0.9,0.0,0.024,,,0.42,,0.012,0.11,,0.3,,0.01
2022-08-26 15:00:00,2022-AT0215-0052,NF02XA0001,4.53,4.19,,94.4,,,0.005,,,0.04,,,4.3,,,0.009,,0.001,,,1.3,,,0.02,,0.002,,1.0,,,,,6.65,,0.523,0.007,,0.2,,,0.33,,,0.059,,88.0,,13.2,,,0.37,,,0.03,0.006,0.05,0.031,0.011,,0.006,0.011,4.4,,0.005,0.001,0.005,,512.0,,0.302,,,0.046,,,0.16,,0.002,0.4,,,,5.95,,,,,,0.073,,0.276,,0.2,,0.005,,,,0.02,0.17,8.62,93.1,6.9,6.4,0.006,0.001,0.28,,,,0.073,0.57,,0.005,0.04,0.03,0.03,,,0.001,,,0.7,,,,,13.8,,12.0,,,0.7,,0.02,,19.1,0.005,0.002,,0.005,,,1.28,,,0.003,1.0,0.0,0.0262,,,0.4,,0.011,0.127,,0.3,,0.02
2022-09-01 13:15:00,2022-AT0215-0055,NF02XB0018,3.18,2.8,,92.9,,,0.008,,,0.04,,,8.03,,,0.008,,0.001,,,2.2,,,0.02,,0.002,,0.6,,,,,6.81,,0.49,0.005,,0.2,,,0.16,,,0.086,,90.0,,10.3,,,0.12,,,0.03,0.007,0.08,0.031,0.003,,0.005,0.009,2.65,,0.004,0.001,0.005,,656.0,,0.3,,,0.119,,,0.18,,0.003,0.4,,,,20.2,,,,,,0.071,,0.251,,0.1,,0.004,,,,0.02,0.22,8.95,92.7,6.61,6.38,0.012,0.001,0.21,,,,0.069,0.353,,0.005,0.04,0.03,0.03,,,0.001,,,0.6,,,,,11.7,,13.5,,,0.4,,0.02,,17.64,0.003,0.001,,0.019,,,0.95,,,0.001,1.2,1.5,0.0159,,,0.41,,0.012,0.132,,0.5,,0.01
2022-09-26 13:40:00,2022-AT0488-0110,NF02XB0018,2.68,2.22,,,147.0,,,0.03,,,0.064,,,12.5,,,0.009,,0.002,,,2.2,,0.02,,,0.005,,,1.3,,,13.9,,,,,0.4,,,,0.199,,,0.14,166.0,,,,,,0.38,,0.03,,0.05,,,0.03,,,,,,,,,,855.0,,0.368,,,0.14,,,0.2,,,,0.538,,,24.5,,,,,,0.06,,,,0.17,,,,,0.02,0.32,,,6.17,,0.016,,,,0.19,,,,0.432,,,,,0.038,,,0.005,,,,0.58,,3.0,13.2,,,17.9,,0.4,,,,,,,0.006,,0.02,,,1.72,,,1.6,,,0.017,,,0.516,,,,,0.7,
2022-09-26 14:00:00,2022-AT0215-0061,NF02XB0018,2.65,2.22,,158.0,,,0.006,,,0.04,,,10.8,,,0.01,,0.001,,,1.4,,,0.02,,0.004,,1.2,,,,,14.4,,0.572,0.005,,0.4,,,0.19,,,0.13,,163.0,,13.3,,,0.42,,,0.03,0.009,0.05,0.037,0.009,,0.006,0.012,5.32,,0.006,0.001,0.005,,813.0,,0.335,,,0.133,,,0.18,,0.002,0.6,,,,22.1,,,,,,0.054,,0.291,,0.17,,0.004,,,,0.02,0.3,11.19,98.5,6.17,4.99,0.016,0.001,0.21,,,,0.079,0.354,,0.005,0.045,0.03,0.03,,,0.001,,,0.7,,,,,13.1,,15.0,,,0.4,,0.02,,9.78,0.005,0.002,,0.011,,,1.64,,,0.001,1.6,0.0,0.015,,,0.46,,0.016,0.164,,0.5,,0.02
2022-10-02 11:05:00,2022-AT0215-0068,NF02XA0001,3.66,3.07,,587.0,,,0.016,,,0.06,,,8.01,,,0.027,,0.002,,,0.9,,,0.02,,0.022,,1.3,,,,,11.5,,2.41,0.028,,0.4,,,1.12,,,0.333,,155.0,,13.3,,,1.55,,,0.03,0.035,0.05,0.166,0.149,,0.038,0.005,5.16,,0.022,0.001,0.005,,1300.0,,1.18,,,0.264,,,0.38,,0.006,0.5,,,,17.8,,,,,,0.053,,1.17,,0.71,,0.064,,,,0.02,0.39,11.48,96.9,6.44,6.33,0.017,0.001,0.38,,,,0.303,1.09,,0.005,0.196,0.09,0.04,,,0.002,,,0.7,,,,,14.9,,12.6,,,0.5,,0.02,,7.97,0.021,0.005,,0.043,,,24.0,,,0.007,2.0,118.33,0.055,,,1.75,,0.048,0.569,,2.6,,0.03
2023-06-01 12:15:00,2023-AT0215-0006,NF02XB0018,2.88,2.47,,88.9,,,0.008,,,0.04,,,7.59,,,0.006,,0.001,,,1.2,,,0.02,,0.011,,0.6,,,,,7.14,,0.459,0.005,,0.2,,,0.13,,,0.064,,86.0,,10.3,,,0.33,,,0.03,0.006,0.05,0.028,0.009,,0.005,0.006,2.65,,0.004,0.001,0.005,,491.0,,0.279,,,0.084,,,0.15,,0.001,0.4,,,,12.1,,,,,,0.044,,0.233,,0.1,,0.004,,,,0.02,0.23,11.04,96.9,6.52,6.24,0.012,0.001,0.16,,,,0.065,0.325,,0.005,0.036,0.02,0.02,,,0.001,,,0.6,,,,,10.1,,11.3,,,0.4,,0.02,,9.592,0.004,0.002,,0.005,,,1.22,,,0.005,1.1,1.3,0.0116,,,0.32,,0.011,0.115,,1.1,,0.02
2023-06-06 14:45:00,2023-AT0215-0017,NF02XA0001,3.06,2.77,,91.5,,,0.005,,,0.03,,,3.04,,,0.007,,0.001,,,1.1,,,0.02,,0.003,,0.7,,,,,6.39,,0.44,0.004,,0.2,,,0.26,,,0.06,,71.0,,20.9,,,0.36,,,0.03,0.005,0.03,0.024,0.018,,0.006,0.005,2.65,,0.004,0.001,0.005,,297.0,,0.242,,,0.034,,,0.13,,0.001,0.4,,,,4.88,,,,,,0.043,,0.21,,0.18,,0.005,,,,0.02,0.19,10.31,97.0,6.66,5.09,0.008,0.001,0.24,,,,0.059,0.479,,0.005,0.034,0.02,0.02,,,0.001,,,0.6,,,,,10.5,,8.58,,,0.5,,0.02,,12.5,0.003,0.002,,0.011,,,1.26,,,0.003,0.8,1.0,0.0198,,,0.35,,0.009,0.104,,0.4,,0.01
2023-07-05 12:50:00,2023-AT0215-0029,NF02XA0001,4.1,3.73,,88.3,,,0.006,,,0.03,,,3.91,,,0.008,,0.001,,,1.1,,,0.02,,0.002,,1.0,,,,,6.37,,0.505,0.006,,0.2,,,0.29,,,0.073,,73.0,,8.73,,,0.38,,,0.03,0.006,0.06,0.028,0.016,,0.005,0.01,2.65,,0.004,0.001,0.005,,359.0,,0.283,,,0.045,,,0.16,,0.002,0.4,,,,6.88,,,,,,0.058,,0.254,,0.17,,0.005,,,,0.02,0.19,13.6,0.28,6.85,20.54,0.008,0.001,0.26,,,,0.069,0.554,,0.005,0.04,0.03,0.02,,,0.001,,,0.6,,,,,12.9,,9.8,,,0.7,,0.02,,97.0,0.004,0.002,,0.005,,,1.56,,,0.003,1.1,5.65,0.0214,,,0.41,,0.009,0.108,,0.4,,
2023-08-09 14:05:00,2023-AT0215-0042,NF02XA0001,4.23,3.77,,118.0,,,0.001,,,0.02,,,5.27,,,0.001,,0.001,,,1.5,,,0.02,,0.001,,1.3,,,,,9.18,,0.705,0.001,,0.2,,,0.24,,,0.121,,123.0,,1.15,,,0.2,,,0.03,0.001,0.03,0.037,0.001,,0.005,0.005,5.12,,0.001,0.001,0.005,,684.0,,0.39,,,0.047,,,0.16,,0.001,0.5,,,,12.3,,,,,,0.007,,0.35,,0.13,,0.002,,,,0.02,0.24,96.6,15.2,6.77,9.18,0.011,0.001,0.23,,,,0.078,0.56,,0.005,0.053,0.02,0.01,,,0.001,,,0.6,,,,,13.6,,13.8,,,0.5,,0.02,,5.74,0.001,0.001,,0.005,,,2.47,,,0.001,3.6,17.798,0.0308,,,0.54,,0.003,0.153,,0.2,,0.01
2023-08-16 13:10:00,2023-AT0215-0047,NF02XB0018,5.75,5.45,,53.2,,,0.006,,,0.04,,,6.67,,,0.005,,0.001,,,1.9,,,0.02,,0.001,,1.2,,,,,6.96,,0.255,0.005,,0.3,,,0.14,,,0.069,,67.0,,10.41,,,0.2,,,0.03,0.004,0.1,0.018,0.005,,0.005,0.005,6.0,,0.003,0.001,0.005,,605.0,,0.162,,,0.073,,,0.21,,0.001,0.7,,,,18.2,,,,,,0.118,,0.135,,0.09,,0.002,,,,0.02,0.2,17.0,5.21,7.06,104.0,0.011,0.001,0.26,,,,0.038,0.444,,0.005,0.021,0.02,0.03,,,0.001,,,0.9,,,,,16.8,,16.6,,,0.6,,0.02,,15.325,0.002,0.001,,0.028,,,0.72,,,0.001,1.4,6.18,0.014,,,0.39,,0.008,0.078,,0.3,,0.01
2023-10-12 14:50:00,2023-AT0215-0072,NF02XB0018,4.28,3.8,,78.2,,,0.007,,,0.04,,,8.68,,,0.007,,0.001,,,2.1,,,0.02,,0.002,,1.1,,,,,8.19,,0.434,0.007,,0.4,,,0.17,,,0.052,,77.0,,,,,0.27,,,0.03,0.006,0.08,0.029,0.008,,0.005,0.005,5.26,,0.005,0.001,0.005,,470.0,,0.281,,,0.065,,,0.24,,0.002,0.6,,,,9.71,,,,,,0.092,,0.227,,0.11,,0.002,,,,0.02,0.2,,,6.82,,0.009,0.001,0.24,,,,0.063,0.444,,0.005,0.038,0.02,0.03,,,0.001,,,0.8,,,,,15.0,,17.3,,,0.6,,0.02,,,0.004,0.002,,0.015,,,0.88,,,0.001,0.9,,0.0148,,,0.34,,0.013,0.121,,0.2,,0.02
2023-10-17 11:35:00,2023-AT0215-0085,NF02XA0001,3.87,3.28,,166.0,,,0.008,,,0.04,,,5.75,,,0.012,,0.001,,,0.9,,,0.02,,0.004,,1.4,,,,,9.24,,1.03,0.006,,0.2,,,0.4,,,0.124,,121.0,,,,,0.46,,,0.03,0.012,0.05,0.06,0.027,,0.005,0.009,5.56,,0.008,0.001,0.005,,631.0,,0.561,,,0.098,,,0.18,,0.003,0.5,,,,8.54,,,,,,0.051,,0.509,,0.26,,0.011,,,,0.02,0.21,,,6.64,,0.012,0.001,0.27,,,,0.134,0.611,,0.005,0.075,0.04,0.03,,,0.001,,,0.7,,,,,13.8,,12.6,,,0.6,,0.02,,,0.007,0.002,,0.03,,,3.23,,,0.003,1.8,,0.0297,,,0.53,,0.017,0.225,,0.3,,0.02
2024-05-23 11:25:00,2024-AT0215-0001,NF02XB0018,2.7,2.45,,88.4,,,0.006,,,0.03,,,7.44,,,0.005,,0.001,,,1.0,,,0.02,,0.004,,0.7,,,,,6.24,,0.402,0.003,,0.2,,,0.12,,,0.09,,71.0,,,,,0.17,,,0.03,0.006,0.06,0.024,0.006,,0.005,0.005,2.65,,0.003,0.001,0.005,,485.0,,0.246,,,0.057,,0.02,0.14,,0.002,0.4,,,,23.1,,,,,,0.032,,0.204,,0.08,,0.003,,,,0.02,0.19,,,6.47,,0.012,0.001,0.19,,,,0.049,0.306,,0.005,0.033,0.02,0.02,,,0.001,,,0.6,,,,,10.0,,10.9,,,0.4,,0.02,,,0.003,0.001,,0.005,,,0.76,,,0.001,0.9,,0.0104,,,0.25,,0.009,0.098,,0.5,,0.01
2024-06-13 08:15:00,2024-AT0215-0006,NF02XA0001,3.18,2.96,,110.0,,,0.008,,,0.03,,,3.9,,,0.009,,0.001,,,1.4,,,0.02,,0.005,,0.8,,,,,5.58,,0.811,0.006,,0.2,,,0.31,,,0.089,,69.0,,,,,0.45,,,0.03,0.008,0.04,0.038,0.02,,0.01,0.016,2.65,,0.005,0.001,0.005,,398.0,,0.439,,,0.044,,0.02,0.15,,0.002,0.4,,,,8.36,,,,,,0.049,,0.422,,0.23,,0.007,,,,0.02,0.21,,,6.68,,0.017,0.001,0.24,,,,0.12,0.607,,0.005,0.064,0.03,0.02,,,0.001,,,0.6,,,,,10.8,,9.12,,,0.5,,0.02,,,0.004,0.003,,0.005,,,1.77,,,0.002,1.8,,0.0201,,,0.42,,0.011,0.119,,0.6,,0.02
